board_rep,board_num
0,0
1,1
16,1
4096,1
65536,1
9,9
129,9
24,9
2064,9
36864,9
4224,9
98304,9
67584,9
25,25
4225,25
67600,25
102400,25
153,153
4233,153
2073,153
67608,153
102528,153
36993,153
104448,153
100368,153
409,409
4489,409
2329,409
67864,409
102784,409
37249,409
104704,409
100624,409
2457,2457
37257,2457
100632,2457
104832,2457
6553,6553
37273,6553
67993,6553
100633,6553
104833,6553
102793,6553
104848,6553
104728,6553
4521,4521
8601,4521
67866,4521
133401,4521
168321,4521
102786,4521
108816,4521
104736,4521
9625,9625
20905,9625
133465,9625
84250,9625
103810,9625
168325,9625
104800,9625
108820,9625
22953,22953
42393,22953
84378,22953
166233,22953
170373,22953
103818,22953
108948,22953
104808,22953
88474,88474
103834,88474
88489,88474
104809,88474
108949,88474
107929,88474
170389,88474
170329,88474
92442,92442
103842,92442
151977,92442
104802,92442
108822,92442
140697,92442
168357,92442
141657,92442
92506,92506
103846,92506
153001,92506
104806,92506
108886,92506
157081,92506
169381,92506
158041,92506
5545,5545
24985,5545
67930,5545
149785,5545
169345,5545
102790,5545
108880,5545
104740,5545
27033,27033
38313,27033
149913,27033
100698,27033
104838,27033
169353,27033
104868,27033
108888,27033
92569,92569
103849,92569
154009,92569
104794,92569
104854,92569
169369,92569
104869,92569
108889,92569
76122,76122
102822,76122
136617,76122
104742,76122
108882,76122
156057,76122
169377,76122
157977,76122
70057,70057
74137,70057
71962,70057
137497,70057
168337,70057
102802,70057
108817,70057
104737,70057
6537,6537
33177,6537
67992,6537
35097,6537
39297,6537
102792,6537
100752,6537
104712,6537
22921,22921
34201,22921
84376,22921
35161,22921
39301,22921
103816,22921
100756,22921
104776,22921
39333,39333
43353,39333
100758,39333
165273,39333
153993,39333
104778,39333
92568,39333
103848,39333
10521,10521
37281,10521
131481,10521
100626,10521
104706,10521
135561,10521
102816,10521
76056,10521
10585,10585
37285,10585
132505,10585
100630,10585
104770,10585
151945,10585
103840,10585
92440,10585
76057,76057
102817,76057
135577,76057
104722,76057
1177,1177
20617,1177
2137,1177
83992,1177
103552,1177
36997,1177
104512,1177
100372,1177
1689,1689
21129,1689
2649,1689
84504,1689
104064,1689
37509,1689
105024,1689
100884,1689
5785,5785
21145,5785
68185,5785
84505,5785
104065,5785
103045,5785
105040,5785
104980,5785
23193,23193
38553,23193
84633,23193
100953,23193
105093,23193
104073,23193
105108,23193
105048,23193
18073,18073
22153,18073
19033,18073
84568,18073
104068,18073
38533,18073
105028,18073
100948,18073
22185,22185
26265,22185
84570,22185
150105,22185
169605,22185
104070,22185
109140,22185
105060,22185
87721,87721
91801,87721
88666,87721
154201,87721
169621,87721
104086,87721
109141,87721
105061,87721
27225,27225
38565,27225
149145,27225
100950,27225
105030,27225
153225,27225
104100,27225
92760,27225
92761,92761
104101,92761
153241,92761
105046,92761
6745,6745
37525,6745
67225,6745
100885,6745
105025,6745
86665,6745
104080,6745
88600,6745
9369,9369
20649,9369
133209,9369
83994,9369
103554,9369
168069,9369
104544,9369
108564,9369
21673,21673
25753,21673
84058,21673
149593,21673
169093,21673
103558,21673
108628,21673
104548,21673
92250,92250
103590,92250
152745,92250
104550,92250
108630,92250
156825,92250
169125,92250
157785,92250
74905,74905
86185,74905
137305,74905
88090,74905
103570,74905
168085,74905
104545,74905
108565,74905
22665,22665
33945,22665
84120,22665
34905,22665
39045,22665
103560,22665
100500,22665
104520,22665
22681,22681
38041,22681
84121,22681
100441,22681
104581,22681
103561,22681
104596,22681
104536,22681
39001,39001
39061,39001
99481,39001
100501,39001
104521,39001
88201,39001
103576,39001
88216,39001
10329,10329
37029,10329
132249,10329
100374,10329
104514,10329
151689,10329
103584,10329
92184,10329
75865,75865
102565,75865
136345,75865
104470,75865
104530,75865
151705,75865
103585,75865
92185,75865
76377,76377
103077,76377
136857,76377
104982,76377
105042,76377
152217,76377
104097,76377
92697,76377
92313,92313
103593,92313
153753,92313
104538,92313
104598,92313
169113,92313
104613,92313
108633,92313
26713,26713
38053,26713
148633,26713
100438,26713
104518,26713
152713,26713
103588,26713
92248,26713
4249,4249
67609,4249
102529,4249
104464,4249
4761,4761
68121,4761
103041,4761
104976,4761
70297,70297
72217,70297
103057,70297
104977,70297
72345,72345
103065,72345
104985,72345
105105,72345
6297,6297
37017,6297
67737,6297
100377,6297
104577,6297
102537,6297
104592,6297
104472,6297
75801,75801
102561,75801
135321,75801
104466,75801
5257,5257
16537,5257
67672,5257
18457,5257
38017,5257
102532,5257
100432,5257
104452,5257
5769,5769
17049,5769
68184,5769
18969,5769
38529,5769
103044,5769
100944,5769
104964,5769
23065,23065
38545,23065
82585,23065
100945,23065
104965,23065
71305,23065
103060,23065
72280,23065
18585,18585
38025,18585
100440,18585
104580,18585
18841,18841
38281,18841
100696,18841
104836,18841
5289,5289
24729,5289
67674,5289
149529,5289
169089,5289
102534,5289
108624,5289
104484,5289
70825,70825
90265,70825
71770,70825
153625,70825
169105,70825
102550,70825
108625,70825
104485,70825
71337,71337
90777,71337
72282,71337
154137,71337
169617,71337
103062,71337
109137,71337
104997,71337
26649,26649
38049,26649
147609,26649
100434,26649
104454,26649
136329,26649
102564,26649
75864,26649
26905,26905
38305,26905
147865,26905
100690,26905
104710,26905
136585,26905
102820,26905
76120,26905
6169,6169
37009,6169
65689,6169
100369,6169
104449,6169
69769,6169
102544,6169
71704,6169
6681,6681
37521,6681
66201,6681
100881,6681
104961,6681
70281,6681
103056,6681
72216,6681
69801,69801
73881,69801
71706,69801
137241,69801
168081,69801
102546,69801
108561,69801
104481,69801
38937,38937
39057,38937
98457,38937
100497,38937
104457,38937
71817,38937
102552,38937
71832,38937
39193,39193
39313,39193
98713,39193
100753,39193
104713,39193
72073,39193
102808,39193
72088,39193
537,537
4737,537
68112,537
102912,537
601,601
4741,601
1561,601
68116,601
102976,601
21121,601
103936,601
84496,601
4773,4773
8793,4773
68118,4773
132633,4773
152193,4773
102978,4773
92688,4773
103968,4773
9817,9817
21157,9817
132697,9817
84502,9817
104002,9817
152197,9817
104032,9817
92692,9817
23205,23205
42585,23205
84630,23205
165465,23205
154245,23205
104010,23205
92820,23205
104040,23205
5797,5797
25177,5797
68182,5797
149017,5797
153217,5797
102982,5797
92752,5797
103972,5797
76374,76374
103014,76374
136869,76374
103974,76374
92754,76374
156249,76374
153249,76374
157209,76374
92758,92758
104038,92758
153253,92758
157273,92758
70309,70309
74329,70309
72214,70309
136729,70309
152209,70309
102994,70309
92689,70309
103969,70309
72342,72342
103002,72342
72357,72342
103977,72342
92817,72342
107097,72342
154257,72342
169497,72342
6789,6789
33369,6789
68244,6789
34329,6789
23169,6789
102984,6789
84624,6789
103944,6789
9753,9753
21153,9753
131673,9753
84498,9753
103938,9753
135813,9753
103008,9753
76308,9753
22177,22177
26137,22177
84562,22177
148057,22177
136837,22177
103942,22177
76372,22177
103012,22177
75289,75289
86689,75289
135769,75289
88594,75289
103954,75289
135829,75289
103009,75289
76309,75289
4633,4633
4753,4633
66073,4633
68113,4633
102913,4633
70273,4633
102928,4633
72208,4633
6801,6801
37401,6801
68241,6801
98841,6801
72321,6801
102921,6801
72336,6801
102936,6801
5761,5761
16921,5761
68176,5761
102916,5761
5793,5793
25113,5793
68178,5793
147993,5793
136833,5793
102918,5793
76368,5793
102948,5793
71329,71329
90649,71329
72274,71329
152089,71329
136849,71329
102934,71329
76369,71329
102949,71329
70305,70305
74265,70305
72210,70305
135705,70305
135825,70305
102930,70305
76305,70305
102945,70305
4257,4257
8217,4257
67602,4257
131097,4257
135297,4257
102402,4257
75792,4257
102432,4257
4261,4261
8281,4261
67606,4261
132121,4261
151681,4261
102466,4261
92176,4261
103456,4261
6309,6309
41049,6309
67734,6309
164889,6309
153729,6309
102474,6309
92304,6309
103464,6309
6565,6565
41305,6565
67990,6565
165145,6565
153985,6565
102730,6565
92560,6565
103720,6565
76182,76182
102762,76182
137637,76182
103722,76182
92562,76182
172377,76182
154017,76182
173337,76182
22693,22693
42073,22693
84118,22693
164953,22693
153733,22693
103498,22693
92308,22693
103528,22693
71830,71830
102490,71830
71845,71830
103465,71830
92305,71830
106585,71830
153745,71830
168985,71830
75798,75798
102498,75798
135333,75798
103458,75798
92178,75798
139353,75798
151713,75798
140313,75798
76054,76054
102754,76054
135589,76054
103714,76054
92434,76054
139609,76054
151969,76054
140569,76054
92182,92182
103522,92182
151717,92182
140377,92182
92694,92694
104034,92694
152229,92694
140889,92694
92310,92310
103530,92310
153765,92310
173145,92310
75862,75862
102502,75862
136357,75862
103462,75862
92242,75862
155737,75862
152737,75862
156697,75862
4513,4513
8473,4513
67858,4513
131353,4513
135553,4513
102658,4513
76048,4513
102688,4513
6561,6561
41241,6561
67986,6561
164121,6561
137601,6561
102666,6561
76176,6561
102696,6561
22945,22945
42265,22945
84370,22945
164185,22945
137605,22945
103690,22945
76180,22945
102760,22945
72082,72082
102682,72082
72097,72082
102697,72082
76177,72082
106777,72082
137617,72082
168217,72082
76050,76050
102690,76050
135585,76050
139545,76050
76114,76114
102694,76114
136609,76114
155929,76114
9241,9241
20641,9241
131161,9241
83986,9241
103426,9241
135301,9241
102496,9241
75796,9241
22689,22689
42009,22689
84114,22689
163929,22689
137349,22689
103434,22689
75924,22689
102504,22689
75925,75925
102505,75925
137365,75925
103450,75925
88210,75925
168025,75925
88225,75925
107545,75925
5281,5281
24601,5281
67666,5281
147481,5281
136321,5281
102406,5281
75856,5281
102436,5281
75858,75858
102438,75858
136353,75858
155673,75858
69793,69793
73753,69793
71698,69793
135193,69793
135313,69793
102418,69793
75793,69793
102433,69793
71826,71826
102426,71826
71841,71826
102441,71826
75921,71826
106521,71826
137361,71826
167961,71826
6273,6273
32793,6273
67728,6273
102408,6273
6277,6277
32857,6277
67732,6277
33817,6277
22657,6277
102472,6277
84112,6277
103432,6277
6529,6529
33049,6529
67984,6529
102664,6529
6289,6289
36889,6289
67729,6289
98329,6289
71809,6289
102409,6289
71824,6289
102424,6289
73,73
133,73
1048,73
2068,73
36928,73
20608,73
99328,73
83968,73
105,105
8325,105
1050,105
133140,105
168000,105
20610,105
107520,105
84000,105
361,361
8581,361
1306,361
133396,361
168256,361
20866,361
107776,361
84256,361
1434,1434
20874,1434
2409,1434
84264,1434
107904,1434
41349,1434
170304,1434
166164,1434
6505,6505
41365,6505
66970,6505
166165,6505
170305,6505
86410,6505
107920,6505
88360,6505
8553,8553
8613,8553
132378,8553
133398,8553
168258,8553
151938,8553
107808,8553
92448,8553
9577,9577
24997,9577
132442,9577
149782,9577
169282,9577
151942,9577
107872,9577
92452,9577
10629,10629
33129,10629
133524,10629
34074,10629
22914,10629
168264,10629
84384,10629
107784,10629
22918,22918
34138,22918
84388,22918
34153,22918
27013,22918
107848,22918
149908,22918
169288,22918
9498,9498
20898,9498
131433,9498
84258,9498
107778,9498
139653,9498
168288,9498
141588,9498
9562,9562
20902,9562
132457,9562
84262,9562
107842,9562
156037,9562
169312,9562
157972,9562
1114,1114
20614,1114
1129,1114
84004,1114
107584,1114
24709,1114
169024,1114
149524,1114
1626,1626
21126,1626
1641,1626
84516,1626
108096,1626
25221,1626
169536,1626
150036,1626
5737,5737
25237,5737
67162,5737
150037,5737
169537,5737
86662,5737
108112,5737
88612,5737
9321,9321
24741,9321
132186,9321
149526,9321
169026,9321
151686,9321
107616,9321
92196,9321
22662,22662
33882,22662
84132,22662
33897,22662
26757,22662
107592,22662
149652,22662
169032,22662
9306,9306
20646,9306
132201,9306
84006,9306
107586,9306
155781,9306
169056,9306
157716,9306
4201,4201
8341,4201
66586,4201
133141,4201
168001,4201
86146,4201
107536,4201
88096,4201
585,585
645,585
1560,585
2580,585
37440,585
21120,585
99840,585
84480,585
1609,1609
17029,1609
1624,1609
18964,1609
38464,1609
21124,1609
99904,1609
84484,1609
9801,9801
17061,9801
132696,9801
18966,9801
38466,9801
152196,9801
99936,9801
92676,9801
18085,18085
26185,18085
19030,18085
149080,18085
153220,18085
38470,18085
92740,18085
99940,18085
26217,26217
26277,26217
149082,26217
150102,26217
169542,26217
153222,26217
108132,26217
92772,26217
23062,23062
38482,23062
82597,23062
99937,23062
92677,23062
75337,23062
152212,23062
136792,23062
75369,75369
90789,75369
136794,75369
154134,75369
169554,75369
152214,75369
108129,75369
92709,75369
19077,19077
34377,19077
19092,19077
34392,19077
23172,19077
38472,19077
84612,19077
99912,19077
661,661
4681,661
2581,661
67096,661
86656,661
37441,661
88576,661
99856,661
1176,1176
20616,1176
2121,1176
83976,1176
99456,1176
32901,1176
38976,1176
34836,1176
1432,1432
20872,1432
2377,1432
84232,1432
99712,1432
33157,1432
39232,1432
35092,1432
10569,10569
33189,10569
132504,10569
35094,10569
39234,10569
151944,10569
99744,10569
92424,10569
26953,26953
34213,26953
148888,26953
35158,26953
39238,26953
152968,26953
99748,26953
92488,26953
26985,26985
42405,26985
148890,26985
166230,26985
170310,26985
152970,26985
107940,26985
92520,26985
92521,92521
107941,92521
152986,92521
170326,92521
39270,39270
43350,39270
99750,39270
165285,39270
158025,39270
92490,39270
157080,39270
153000,39270
39190,39190
39250,39190
98725,39190
99745,39190
92425,39190
76105,39190
151960,39190
136600,39190
22920,22920
34200,22920
84360,22920
35145,22920
35205,22920
99720,22920
35220,22920
39240,22920
35221,35221
39241,35221
99736,35221
88456,35221
9624,9624
20904,9624
133449,9624
84234,9624
99714,9624
164229,9624
39264,9624
43284,9624
39265,39265
43285,39265
99730,39265
164245,39265
137545,39265
88330,39265
75160,39265
86440,39265
6217,6217
32917,6217
66712,6217
34837,6217
38977,6217
86152,6217
99472,6217
88072,6217
165,165
8265,165
2070,165
132120,165
151680,165
36930,165
92160,165
99360,165
421,421
8521,421
2326,421
132376,421
151936,421
37186,421
92416,421
99616,421
2454,2454
37194,2454
2469,2454
99624,2454
92544,2454
41289,2454
153984,2454
165144,2454
18838,18838
38218,18838
18853,18838
99688,18838
92548,18838
42313,18838
153988,18838
165208,18838
10518,10518
37218,10518
131493,10518
99618,10518
92418,10518
139593,10518
151968,10518
140568,10518
26902,26902
38242,26902
147877,26902
99682,26902
92422,26902
140617,26902
151972,26902
140632,26902
9289,9289
16549,9289
132184,9289
18454,9289
37954,9289
151684,9289
99424,9289
92164,9289
18582,18582
37962,18582
18597,18582
99432,18582
92292,18582
42057,18582
153732,18582
164952,18582
26646,26646
37986,26646
147621,26646
99426,26646
92166,26646
140361,26646
151716,26646
140376,26646
1189,1189
24649,1189
2134,1189
148504,1189
152704,1189
36934,1189
92224,1189
99364,1189
9381,9381
24681,9381
133206,9381
148506,9381
152706,9381
168006,9381
92256,9381
107556,9381
9637,9637
24937,9637
133462,9637
148762,9637
152962,9637
168262,9637
92512,9637
107812,9637
92514,92514
107814,92514
152994,92514
168294,92514
141654,92514
156954,92514
140709,92514
156009,92514
92518,92518
107878,92518
152998,92518
169318,92518
158038,92518
157018,92518
157093,92518
157033,92518
25705,25705
25765,25705
148570,25705
149590,25705
169030,25705
152710,25705
107620,25705
92260,25705
74917,74917
90217,74917
137302,74917
152602,74917
152722,74917
168022,74917
92257,74917
107557,74917
75429,75429
90729,75429
137814,75429
153114,75429
153234,75429
168534,75429
92769,75429
108069,75429
1701,1701
25161,1701
2646,1701
149016,1701
153216,1701
37446,1701
92736,1701
99876,1701
6742,6742
37462,6742
67237,6742
99877,6742
92737,6742
90697,6742
153232,6742
153112,6742
26697,26697
33957,26697
148632,26697
34902,26697
38982,26697
152712,26697
99492,26697
92232,26697
38998,38998
99493,38998
92233,38998
152728,38998
92265,92265
107685,92265
152730,92265
170070,92265
39510,39510
100005,39510
92745,39510
153240,39510
10326,10326
36966,10326
132261,10326
99366,10326
92226,10326
155721,10326
152736,10326
156696,10326
10582,10582
37222,10582
132517,10582
99622,10582
92482,10582
155977,10582
152992,10582
156952,10582
26710,26710
37990,26710
148645,26710
99430,26710
92230,26710
156745,26710
152740,26710
156760,26710
92262,92262
107622,92262
152742,92262
169062,92262
157782,92262
156762,92262
156837,92262
156777,92262
27222,27222
38502,27222
149157,27222
99942,27222
92742,27222
157257,27222
153252,27222
157272,27222
6166,6166
36946,6166
65701,6166
99361,6166
92161,6166
73801,6166
151696,6166
136216,6166
73833,73833
73893,73833
136218,73833
137238,73833
168018,73833
151698,73833
107553,73833
92193,73833
74089,74089
74149,74089
136474,74089
137494,74089
168274,74089
151954,74089
107809,74089
92449,74089
6678,6678
37458,6678
66213,6678
99873,6678
92673,6678
74313,6678
152208,6678
136728,6678
38934,38934
38994,38934
98469,38934
99489,38934
92169,38934
75849,38934
151704,38934
136344,38934
6294,6294
36954,6294
67749,6294
99369,6294
92289,6294
106569,6294
153744,6294
168984,6294
6550,6550
37210,6550
68005,6550
99625,6550
92545,6550
106825,6550
154000,6550
169240,6550
2181,2181
32841,2181
2196,2181
33816,2181
22656,2181
36936,2181
84096,2181
99336,2181
2437,2437
33097,2437
2452,2437
34072,2437
22912,2437
37192,2437
84352,2437
99592,2437
10644,10644
37224,10644
133509,10644
99594,10644
84354,10644
164169,10644
22944,10644
42264,10644
22948,22948
42328,22948
84358,22948
165193,22948
149893,22948
99658,22948
27028,22948
38248,22948
18565,18565
33865,18565
18580,18565
33880,18565
22660,18565
37960,18565
84100,18565
99400,18565
2197,2197
36937,2197
99352,2197
88192,2197
9240,9240
20640,9240
131145,9240
83970,9240
99330,9240
131205,9240
36960,9240
10260,9240
9496,9496
20896,9496
131401,9496
84226,9496
99586,9496
131461,9496
37216,9496
10516,9496
9304,9304
20644,9304
132169,9304
83974,9304
99394,9304
147589,9304
37984,9304
26644,9304
9816,9816
21156,9816
132681,9816
84486,9816
99906,9816
148101,9816
38496,9816
27156,9816
27157,27157
38497,27157
148117,27157
99922,27157
88582,27157
136777,27157
86692,27157
75352,27157
22692,22692
42072,22692
84102,22692
164937,22692
149637,22692
99402,22692
26772,22692
37992,22692
10261,10261
36961,10261
131221,10261
99346,10261
88066,10261
135241,10261
86176,10261
74776,10261
265,265
385,265
280,265
2320,265
37120,265
4480,265
98560,265
67840,265
282,282
4482,282
297,282
67872,282
106752,282
8577,282
168192,282
133392,282
346,346
4486,346
1321,346
67876,346
106816,346
24961,346
169216,346
149776,346
1449,1449
24969,1449
2394,1449
149784,1449
169344,1449
37254,1449
108864,1449
100644,1449
17833,17833
25993,17833
18778,17833
149848,17833
169348,17833
38278,17833
108868,17833
100708,17833
26025,26025
149850,26025
169350,26025
108900,26025
91561,91561
153946,91561
169366,91561
108901,91561
26970,26970
38310,26970
148905,26970
100710,26970
108870,26970
157065,26970
169380,26970
158040,26970
6490,6490
37270,6490
66985,6490
100645,6490
108865,6490
90505,6490
169360,6490
153880,6490
9513,9513
24993,9513
131418,9513
149778,9513
169218,9513
135558,9513
106848,9513
76068,9513
6534,6534
33114,6534
68004,6534
34089,6534
27009,6534
106824,6534
149904,6534
169224,6534
4518,4518
8538,4518
67878,4518
132393,4518
156033,4518
106818,4518
157968,4518
169248,4518
4393,4393
8593,4393
65818,4393
133393,4393
168193,4393
70018,4393
106768,4393
71968,4393
6441,6441
41361,6441
65946,6441
166161,6441
170241,6441
70026,6441
106896,6441
71976,6441
10641,10641
37161,10641
133521,10641
98586,10641
72066,10641
168201,10641
72096,10641
106776,10641
10645,10645
37225,10645
133525,10645
99610,10645
88450,10645
168265,10645
88480,10645
107800,10645
70050,70050
74010,70050
71970,70050
135465,70050
139665,70050
106770,70050
141585,70050
168225,70050
75034,75034
86434,75034
135529,75034
88354,75034
107794,75034
139669,75034
168289,75034
141589,75034
5506,5506
16666,5506
67936,5506
16681,5506
9601,5506
106756,5506
133456,5506
168196,5506
9609,9609
16809,9609
133464,9609
18714,9609
38274,9609
168324,9609
100704,9609
108804,9609
22810,22810
38290,22810
82345,22810
100705,22810
108805,22810
75145,22810
168340,22810
137560,22810
5514,5514
16794,5514
67944,5514
18729,5514
42369,5514
106884,5514
166224,5514
170244,5514
17818,17818
21898,17818
18793,17818
84328,17818
107908,17818
42373,17818
170308,17818
166228,17818
21930,21930
26010,21930
84330,21930
149865,21930
173445,21930
107910,21930
174420,21930
170340,21930
22825,22825
42385,22825
82330,22825
166225,22825
170245,22825
71050,22825
106900,22825
72040,22825
71082,71082
90522,71082
72042,71082
153897,71082
173457,71082
106902,71082
174417,71082
170277,71082
5530,5530
20890,5530
67945,5530
84265,5530
107905,5530
106885,5530
170320,5530
170260,5530
9633,9633
24873,9633
133458,9633
147738,9633
136578,9633
168198,9633
76128,9633
106788,9633
25897,25897
26017,25897
147802,25897
149842,25897
169222,25897
136582,25897
106852,25897
76132,25897
76134,76134
106854,76134
136614,76134
169254,76134
158034,76134
155994,76134
157089,76134
156969,76134
75169,75169
90409,75169
137554,75169
151834,75169
136594,75169
168214,75169
76129,75169
106789,75169
5538,5538
24858,5538
67938,5538
147753,5538
140673,5538
106758,5538
141648,5538
168228,5538
21922,21922
25882,21922
84322,21922
147817,21922
140677,21922
107782,21922
141652,21922
168292,21922
5542,5542
24922,5542
67942,5542
148777,5542
157057,5542
106822,5542
158032,5542
169252,5542
71074,71074
90394,71074
72034,71074
151849,71074
140689,71074
106774,71074
141649,71074
168229,71074
4378,4378
4498,4378
65833,4378
67873,4378
106753,4378
74113,4378
168208,4378
137488,4378
393,393
2328,393
37248,393
100608,393
1417,1417
16777,1417
2392,1417
18712,1417
38272,1417
37252,1417
100672,1417
100612,1417
18825,18825
34185,18825
18840,18825
35160,18825
39300,18825
38280,18825
100740,18825
100680,18825
22936,22936
38296,22936
84361,22936
100681,22936
100741,22936
99721,22936
39316,22936
39256,22936
10584,10584
37284,10584
132489,10584
100614,10584
100674,10584
147849,10584
38304,10584
26904,10584
26968,26968
38308,26968
148873,26968
100678,26968
6424,6424
37264,6424
65929,6424
100609,6424
408,408
4488,408
2313,408
67848,408
98688,408
33153,408
39168,408
35088,408
6409,6409
33169,6409
65944,6409
35089,6409
39169,6409
70024,6409
98704,6409
71944,6409
35217,35217
39177,35217
98712,35217
72072,35217
39201,39201
43281,39201
98706,39201
164241,39201
137481,39201
71946,39201
74136,39201
70056,39201
5512,5512
16792,5512
67912,5512
18697,5512
34177,5512
98692,5512
35152,5512
39172,5512
26889,26889
34209,26889
147864,26889
35154,26889
39174,26889
136584,26889
98724,26889
76104,26889
5544,5544
24984,5544
67914,5544
149769,5544
165249,5544
98694,5544
43344,5544
39204,5544
21928,21928
26008,21928
84298,21928
149833,21928
165253,21928
99718,21928
43348,21928
39268,21928
39205,39205
43345,39205
98710,39205
165265,39205
153865,39205
72010,39205
90520,39205
71080,39205
4504,4504
67849,4504
98689,4504
39184,4504
417,417
8457,417
2322,417
131352,417
135552,417
37122,417
76032,417
98592,417
9481,9481
16801,9481
131416,9481
18706,9481
38146,9481
135556,9481
98656,9481
76036,9481
18834,18834
38154,18834
18849,18834
98664,18834
76164,18834
42249,18834
137604,18834
164184,18834
26898,26898
38178,26898
147873,26898
98658,26898
76038,26898
140553,26898
135588,26898
139608,26898
1441,1441
24841,1441
2386,1441
147736,1441
136576,1441
37126,1441
76096,1441
98596,1441
10578,10578
37158,10578
132513,10578
98598,10578
76098,10578
155913,10578
136608,10578
155928,10578
26962,26962
38182,26962
148897,26962
98662,26962
76102,26962
156937,26962
136612,26962
155992,26962
6418,6418
37138,6418
65953,6418
98593,6418
76033,6418
73993,6418
135568,6418
135448,6418
2433,2433
33033,2433
2448,2433
33048,2433
6528,2433
37128,2433
67968,2433
98568,2433
6532,6532
33112,6532
67972,6532
34057,6532
18817,6532
98632,6532
18832,6532
38152,6532
6564,6564
41304,6564
67974,6564
165129,6564
149889,6564
98634,6564
27024,6564
38184,6564
2449,2449
37129,2449
98584,2449
72064,2449
6544,6544
37144,6544
67969,6544
98569,6544
4512,4512
8472,4512
67842,4512
131337,4512
131457,4512
98562,4512
10512,4512
37152,4512
4516,4516
8536,4516
67846,4516
132361,4516
147841,4516
98626,4516
26896,4516
38176,4516
10513,10513
37153,10513
131473,10513
98578,10513
71938,10513
135433,10513
70048,10513
74008,10513
5536,5536
24856,5536
67906,5536
147721,5536
132481,5536
98566,5536
10576,5536
37156,5536
88,88
4228,88
1033,88
67588,88
98368,88
16513,88
37888,88
18448,88
90,90
4230,90
1065,90
67620,90
106560,90
24705,90
168960,90
149520,90
5161,5161
24721,5161
65626,5161
149521,5161
168961,5161
69766,5161
106576,5161
71716,5161
5673,5673
25233,5673
66138,5673
150033,5673
169473,5673
70278,5673
107088,5673
72228,5673
26769,26769
37929,26769
149649,26769
98394,26769
71814,26769
168969,26769
71844,26769
106584,26769
26773,26773
37993,26773
149653,26773
99418,26773
88198,26773
169033,26773
88228,26773
107608,26773
69798,69798
73818,69798
71718,69798
136233,69798
155793,69798
106578,69798
157713,69798
168993,69798
74842,74842
86182,74842
136297,74842
88102,74842
107602,74842
155797,74842
169057,74842
157717,74842
5254,5254
16474,5254
67684,5254
17449,5254
25729,5254
106564,5254
149584,5254
168964,5254
17577,17577
25737,17577
18522,17577
149592,17577
169092,17577
38022,17577
108612,17577
100452,17577
22618,22618
38038,22618
83113,22618
100453,22618
108613,22618
91273,22618
169108,22618
153688,22618
23130,23130
38550,23130
83625,23130
100965,23130
109125,23130
91785,23130
169620,23130
154200,23130
91305,91305
153690,91305
169110,91305
108645,91305
5766,5766
16986,5766
68196,5766
17961,5766
26241,5766
107076,5766
150096,5766
169476,5766
18010,18010
22150,18010
18025,18010
84580,18010
108100,18010
26245,18010
169540,18010
150100,18010
22057,22057
26257,22057
82522,22057
150097,22057
169477,22057
71302,22057
107092,22057
72292,22057
71334,71334
90714,71334
72294,71334
153129,71334
157329,71334
107094,71334
158289,71334
169509,71334
87718,87718
91738,87718
88678,87718
153193,87718
157333,87718
108118,87718
158293,87718
169573,87718
5782,5782
21082,5782
68197,5782
83497,5782
91777,5782
107077,5782
154192,5782
169492,5782
76389,76389
107109,76389
136854,76389
169494,76389
154194,76389
152154,76389
91809,76389
91689,76389
25641,25641
25761,25641
147546,25641
149586,25641
168966,25641
136326,25641
106596,25641
75876,25641
75877,75877
106597,75877
136342,75877
168982,75877
153682,75877
151642,75877
91297,75877
91177,75877
5286,5286
24666,5286
67686,5286
148521,5286
156801,5286
106566,5286
157776,5286
168996,5286
21670,21670
25690,21670
84070,21670
148585,21670
156805,21670
107590,21670
157780,21670
169060,21670
22182,22182
26202,22182
84582,22182
149097,22182
157317,22182
108102,22182
158292,22182
169572,22182
70822,70822
90202,70822
71782,70822
152617,70822
156817,70822
106582,70822
157777,70822
168997,70822
4186,4186
4246,4186
66601,4186
67621,4186
106561,4186
90241,4186
168976,4186
153616,4186
6234,6234
37014,6234
66729,6234
100389,6234
108609,6234
90249,6234
169104,6234
153624,6234
4698,4698
4758,4698
67113,4698
68133,4698
107073,4698
90753,4698
169488,4698
154128,4698
5722,5722
21142,5722
67177,5722
84517,5722
108097,5722
90757,5722
169552,5722
154132,5722
70234,70234
70294,70234
71209,70234
72229,70234
107089,70234
90769,70234
169489,70234
154129,70234
74793,74793
90273,74793
135258,74793
153618,74793
168978,74793
135318,74793
106593,74793
75813,74793
74857,74857
90277,74857
136282,74857
153622,74857
169042,74857
151702,74857
107617,74857
92197,74857
75049,75049
90529,75049
135514,75049
153874,75049
169234,75049
135574,75049
106849,75049
76069,75049
22678,22678
37978,22678
84133,22678
99433,22678
92293,22678
107593,22678
153748,22678
169048,22678
23190,23190
38490,23190
84645,23190
99945,23190
92805,23190
108105,23190
154260,23190
169560,23190
1161,1161
16521,1161
2136,1161
18456,1161
38016,1161
36996,1161
100416,1161
100356,1161
17545,17545
18520,17545
38020,17545
100420,17545
18057,18057
19032,18057
38532,18057
100932,18057
23128,23128
38548,23128
83593,23128
100933,23128
26712,26712
38052,26712
148617,26712
100422,26712
6232,6232
37012,6232
66697,6232
100357,6232
100417,6232
82057,6232
38032,6232
22552,6232
6744,6744
37524,6744
67209,6744
100869,6744
100929,6744
82569,6744
38544,6744
23064,6744
22554,22554
38034,22554
82089,22554
100449,22554
108549,22554
74889,22554
168084,22554
137304,22554
22680,22680
38040,22680
84105,22680
100425,22680
100485,22680
99465,22680
39060,22680
39000,22680
600,600
4740,600
1545,600
68100,600
98880,600
17025,600
38400,600
18960,600
5641,5641
17041,5641
66136,5641
18961,5641
38401,5641
70276,5641
98896,5641
72196,5641
19089,19089
38409,19089
98904,19089
72324,19089
5764,5764
16984,5764
68164,5764
17929,5764
18049,5764
98884,5764
19024,5764
38404,5764
18081,18081
26121,18081
19026,18081
148056,18081
136836,18081
38406,18081
76356,18081
98916,18081
23122,23122
38422,23122
83617,23122
98917,23122
76357,23122
91657,23122
136852,23122
152152,23122
5796,5796
25176,5796
68166,5796
149001,5796
149121,5796
98886,5796
27216,5796
38436,5796
22180,22180
26200,22180
84550,22180
149065,22180
149125,22180
99910,22180
27220,22180
38500,22180
27217,27217
38437,27217
149137,27217
98902,27217
72262,27217
153097,27217
71332,27217
90712,27217
4696,4696
4756,4696
67081,4696
68101,4696
98881,4696
82561,4696
38416,4696
23056,4696
23058,23058
38418,23058
82593,23058
98913,23058
76293,23058
75273,23058
135828,23058
135768,23058
6804,6804
37464,6804
68229,6804
99849,6804
84609,6804
98889,6804
23184,6804
38424,6804
9225,9225
16545,9225
131160,9225
18450,9225
37890,9225
135300,9225
98400,9225
75780,9225
17569,17569
25609,17569
18514,17569
147544,17569
136324,17569
37894,17569
75844,17569
98404,17569
26706,26706
37926,26706
148641,26706
98406,26706
75846,26706
156681,26706
136356,26706
155736,26706
22546,22546
37906,22546
82081,22546
98401,22546
75781,22546
74761,22546
135316,22546
135256,22546
22674,22674
37914,22674
84129,22674
98409,22674
75909,22674
107529,22674
137364,22674
168024,22674
6276,6276
32856,6276
67716,6276
33801,6276
18561,6276
98376,6276
18576,6276
37896,6276
18577,18577
37897,18577
98392,18577
71812,18577
6292,6292
36952,6292
67717,6292
99337,6292
84097,6292
98377,6292
22672,6292
37912,6292
4260,4260
8280,4260
67590,4260
132105,4260
147585,4260
98370,4260
26640,4260
37920,4260
26641,26641
37921,26641
147601,26641
98386,26641
71686,26641
136201,26641
69796,26641
73816,26641
27153,27153
38433,27153
148113,27153
98898,27153
72198,27153
136713,27153
70308,27153
74328,27153
5284,5284
24664,5284
67654,5284
148489,5284
148609,5284
98374,5284
26704,5284
37924,5284
145,145
4105,145
2065,145
65560,145
69760,145
36865,145
71680,145
98320,145
4137,4137
8337,4137
65562,4137
133137,4137
167937,4137
69762,4137
106512,4137
71712,4137
71833,71833
102553,71833
104473,71833
104593,71833
657,657
4617,657
2577,657
66072,657
70272,657
37377,657
72192,657
98832,657
6153,6153
32913,6153
65688,6153
34833,6153
38913,6153
69768,6153
98448,6153
71688,6153
2193,2193
36873,2193
98328,2193
71808,2193
10257,10257
36897,10257
131217,10257
98322,10257
71682,10257
135177,10257
69792,10257
73752,10257
1153,1153
16393,1153
2128,1153
16408,1153
5248,1153
36868,1153
67648,1153
98308,1153
5250,5250
16410,5250
67680,5250
16425,5250
9345,5250
106500,5250
133200,5250
167940,5250
9349,9349
16489,9349
133204,9349
17434,9349
21634,9349
168004,9349
84064,9349
107524,9349
9861,9861
17001,9861
133716,9861
17946,9861
22146,9861
168516,9861
84576,9861
108036,9861
9877,9877
21097,9877
133717,9877
83482,9877
87682,9877
168517,9877
88672,9877
108052,9877
17562,17562
21642,17562
18537,17562
84072,17562
107652,17562
42117,17562
170052,17562
165972,17562
22633,22633
42133,22633
83098,22633
165973,22633
170053,22633
87178,22633
107668,22633
88168,22633
21666,21666
25626,21666
84066,21666
147561,21666
140421,21666
107526,21666
141396,21666
168036,21666
87202,87202
91162,87202
88162,87202
151657,87202
140437,87202
107542,87202
141397,87202
168037,87202
9361,9361
20521,9361
133201,9361
81946,9361
70786,9361
167941,9361
71776,9361
106516,9361
9873,9873
21033,9873
133713,9873
82458,9873
71298,9873
168453,9873
72288,9873
107028,9873
22569,22569
42129,22569
82074,22569
165969,22569
169989,22569
70794,22569
106644,22569
71784,22569
70818,70818
90138,70818
71778,70818
151593,70818
140433,70818
106518,70818
141393,70818
167973,70818
5266,5266
20506,5266
67681,5266
81961,5266
74881,5266
106501,5266
137296,5266
167956,5266
5778,5778
21018,5778
68193,5778
82473,5778
75393,5778
107013,5778
137808,5778
168468,5778
22042,22042
22162,22042
82537,22042
84577,22042
108037,22042
75397,22042
168532,22042
137812,22042
22170,22170
84585,22170
108165,22170
170580,22170
87706,87706
88681,87706
108181,87706
170581,87706
71314,71314
86554,71314
72289,71314
86569,71314
75409,71314
107029,71314
137809,71314
168469,71314
5274,5274
20634,5274
67689,5274
84009,5274
107649,5274
106629,5274
170064,5274
170004,5274
21658,21658
84073,21658
107653,21658
170068,21658
74913,74913
90153,74913
137298,74913
151578,74913
136338,74913
167958,74913
75873,74913
106533,74913
1665,1665
16905,1665
2640,1665
16920,1665
5760,1665
37380,1665
68160,1665
98820,1665
1669,1669
16969,1669
2644,1669
17944,1669
22144,1669
37444,1669
84544,1669
99844,1669
18072,18072
22152,18072
19017,18072
84552,18072
99972,18072
34437,18072
39492,18072
35412,18072
23113,23113
34453,23113
83608,23113
35413,23113
39493,23113
87688,23113
99988,23113
88648,23113
10836,10836
37476,10836
132741,10836
99846,10836
84546,10836
148041,10836
22176,10836
26136,10836
10837,10837
37477,10837
132757,10837
99862,10837
88642,10837
152137,10837
87712,10837
91672,10837
1681,1681
21001,1681
2641,1681
82456,1681
71296,1681
37381,1681
72256,1681
98836,1681
23049,23049
34449,23049
82584,23049
35409,23049
39429,23049
71304,23049
98964,23049
72264,23049
10833,10833
37413,10833
132753,10833
98838,10833
72258,10833
152073,10833
71328,10833
90648,10833
5776,5776
21016,5776
68161,5776
82441,5776
67201,5776
98821,5776
6736,5776
37396,5776
5784,5784
21144,5784
68169,5784
84489,5784
99969,5784
98949,5784
39504,5784
39444,5784
22168,22168
84553,22168
99973,22168
39508,22168
39445,39445
39505,39445
98965,39445
99985,39445
88585,39445
72265,39445
86680,39445
71320,39445
6738,6738
37398,6738
67233,6738
98853,6738
76353,6738
90633,6738
136848,6738
152088,6738
5256,5256
16536,5256
67656,5256
18441,5256
33921,5256
98436,5256
34896,5256
38916,5256
17560,17560
21640,17560
18505,17560
84040,17560
99460,17560
33925,17560
38980,17560
34900,17560
21672,21672
25752,21672
84042,21672
149577,21672
164997,21672
99462,21672
43092,21672
39012,21672
39013,39013
43093,39013
99478,39013
165013,39013
153673,39013
88138,39013
91288,39013
87208,39013
22537,22537
33937,22537
82072,22537
34897,22537
38917,22537
70792,22537
98452,22537
71752,22537
38949,38949
43089,38949
98454,38949
165009,38949
153609,38949
71754,38949
90264,38949
70824,38949
5272,5272
20632,5272
67657,5272
83977,5272
99457,5272
98437,5272
38992,5272
38932,5272
1185,1185
24585,1185
2130,1185
147480,1185
136320,1185
36870,1185
75840,1185
98340,1185
6226,6226
36886,6226
66721,6226
98341,6226
75841,6226
90121,6226
136336,6226
151576,6226
5280,5280
24600,5280
67650,5280
147465,5280
132225,5280
98310,5280
10320,5280
36900,5280
10324,10324
36964,10324
132229,10324
99334,10324
84034,10324
147529,10324
21664,10324
25624,10324
10321,10321
36901,10321
132241,10321
98326,10321
71746,10321
151561,10321
70816,10321
90136,10321
4120,4120
4240,4120
65545,4120
67585,4120
98305,4120
65665,4120
36880,4120
6160,4120
4122,4122
4242,4122
65577,4122
67617,4122
106497,4122
73857,4122
167952,4122
137232,4122
5146,5146
20626,5146
65641,5146
84001,5146
107521,5146
73861,5146
168016,5146
137236,5146
5658,5658
21138,5658
66153,5658
84513,5658
108033,5658
74373,5658
168528,5658
137748,5658
70249,70249
74389,70249
71194,70249
137749,70249
168529,70249
86674,70249
108049,70249
88609,70249
22930,22930
38170,22930
84385,22930
98665,22930
76165,22930
107785,22930
137620,22930
168280,22930
6168,6168
37008,6168
65673,6168
100353,6168
4632,4632
4752,4632
66057,4632
68097,4632
98817,4632
66177,4632
37392,4632
6672,4632
5656,5656
21136,5656
66121,5656
84481,5656
99841,5656
66181,5656
37456,5656
6676,5656
6673,6673
37393,6673
66193,6673
98833,6673
72193,6673
70153,6673
70288,6673
70168,6673
70170,70170
70290,70170
70185,70170
72225,70170
107025,70170
74385,70170
168465,70170
137745,70170
39441,39441
98961,39441
72201,39441
70296,39441
4248,4248
67593,4248
98433,4248
38928,4248
6162,6162
36882,6162
65697,6162
98337,6162
75777,6162
73737,6162
135312,6162
135192,6162
6288,6288
36888,6288
67713,6288
98313,6288
18,18
4098,18
33,18
65568,18
73728,18
8193,18
135168,18
131088,18
22,22
4162,22
37,22
66592,22
90112,22
8257,22
151552,22
132112,22
534,534
4674,534
549,534
67104,534
90624,534
8769,534
152064,534
132624,534
613,613
8773,613
1558,613
132628,613
152128,613
21058,613
91648,613
83488,613
1686,1686
21066,1686
2661,1686
83496,1686
91776,1686
41541,1686
154176,1686
165396,1686
6757,6757
41557,6757
67222,6757
165397,6757
154177,6757
86602,6757
91792,6757
87592,6757
8805,8805
132630,8805
152130,8805
91680,8805
598,598
4678,598
1573,598
67108,598
90688,598
25153,598
153088,598
149008,598
9765,9765
25185,9765
131670,9765
149010,9765
153090,9765
135750,9765
90720,9765
75300,9765
4645,4645
8785,4645
66070,4645
132625,4645
152065,4645
70210,4645
90640,4645
71200,4645
6693,6693
41553,6693
66198,6693
165393,6693
154113,6693
70218,6693
90768,6693
71208,6693
70242,70242
74262,70242
71202,70242
135717,70242
139857,70242
90642,70242
140817,70242
152097,70242
75286,75286
86626,75286
135781,75286
87586,75286
91666,75286
139861,75286
152161,75286
140821,75286
5698,5698
16918,5698
67168,5698
16933,5698
9793,5698
90628,5698
132688,5698
152068,5698
5706,5706
17046,5706
67176,5706
18981,5706
42561,5706
90756,5706
165456,5706
154116,5706
18070,18070
22090,18070
19045,18070
83560,18070
91780,18070
42565,18070
154180,18070
165460,18070
27237,27237
42597,27237
149142,27237
165462,27237
154182,27237
153162,27237
91812,27237
91752,27237
23077,23077
42577,23077
82582,23077
165457,23077
154117,23077
71242,23077
90772,23077
71272,23077
9825,9825
25125,9825
132690,9825
147990,9825
136770,9825
152070,9825
75360,9825
90660,9825
4630,4630
4690,4630
66085,4630
67105,4630
90625,4630
74305,4630
152080,4630
136720,4630
74277,74277
74337,74277
135702,74277
136722,74277
152082,74277
135762,74277
90657,74277
75297,74277
150,150
4170,150
2085,150
66600,150
90240,150
41025,150
153600,150
164880,150
1174,1174
20554,1174
2149,1174
82984,1174
91264,1174
41029,1174
153664,1174
164884,1174
10341,10341
41061,10341
132246,10341
164886,10341
153666,10341
151626,10341
91296,10341
91176,10341
10597,10597
41317,10597
132502,10597
165142,10597
153922,10597
151882,10597
91552,10597
91432,10597
43365,43365
165270,43365
153930,43365
91560,43365
91434,91434
91554,91434
151914,91434
153954,91434
173334,91434
140694,91434
172389,91434
141669,91434
26725,26725
42085,26725
148630,26725
164950,26725
153670,26725
152650,26725
91300,26725
91240,26725
22602,22602
33942,22602
83112,22602
34917,22602
43077,22602
91272,22602
165012,22602
153672,22602
22858,22858
34198,22858
83368,22858
35173,22858
43333,22858
91528,22858
165268,22858
153928,22858
22890,22890
42390,22890
83370,22890
166245,22890
174405,22890
91530,22890
173460,22890
153960,22890
9366,9366
20586,9366
133221,9366
82986,9366
91266,9366
172101,9366
153696,9366
173076,9366
406,406
4426,406
2341,406
66856,406
90496,406
41281,406
153856,406
165136,406
10533,10533
41313,10533
131478,10533
165138,10533
153858,10533
135498,10533
90528,10533
75048,10533
26917,26917
42337,26917
147862,26917
165202,26917
153862,26917
136522,26917
90532,26917
75112,26917
6474,6474
33174,6474
66984,6474
35109,6474
43329,6474
90504,6474
165264,6474
153864,6474
4458,4458
8598,4458
66858,4458
133413,4458
172353,4458
90498,4458
173328,4458
153888,4458
6181,6181
41041,6181
65686,6181
164881,6181
153601,6181
69706,6181
90256,6181
70696,6181
69738,69738
73878,69738
70698,69738
137253,69738
172113,69738
90258,69738
173073,69738
153633,69738
5194,5194
16534,5194
66664,5194
18469,5194
42049,5194
90244,5194
164944,5194
153604,5194
26661,26661
42081,26661
147606,26661
164946,26661
153606,26661
136266,26661
90276,26661
74856,26661
5226,5226
24726,5226
66666,5226
149541,5226
173121,5226
90246,5226
173136,5226
153636,5226
8229,8229
8289,8229
131094,8229
132114,8229
151554,8229
135234,8229
90144,8229
74784,8229
8293,8293
132118,8293
151618,8293
91168,8293
8485,8485
8545,8485
131350,8485
132370,8485
151810,8485
135490,8485
90400,8485
75040,8485
10593,10593
41253,10593
132498,10593
164118,10593
137538,10593
151818,10593
75168,10593
90408,10593
26977,26977
42277,26977
148882,26977
164182,26977
137542,26977
152842,26977
75172,26977
90472,26977
75174,75174
90474,75174
137574,75174
152874,75174
157074,75174
172374,75174
158049,75174
173349,75174
75042,75042
90402,75042
135522,75042
151842,75042
140562,75042
139542,75042
139617,75042
139557,75042
91426,91426
151906,91426
140566,91426
139621,91426
75046,75046
90466,75046
135526,75046
152866,75046
156946,75046
139606,75046
156001,75046
140581,75046
75106,75106
90406,75106
136546,75106
151846,75106
140626,75106
155926,75106
140641,75106
155941,75106
9253,9253
24673,9253
131158,9253
148498,9253
152578,9253
135238,9253
90208,9253
74788,9253
9313,9313
24613,9313
132178,9313
147478,9313
136258,9313
151558,9313
74848,9313
90148,9313
73765,73765
73825,73765
135190,73765
136210,73765
151570,73765
135250,73765
90145,73765
74785,73765
6210,6210
32790,6210
66720,6210
32805,6210
10305,6210
90120,6210
132240,6210
151560,6210
10309,10309
32869,10309
132244,10309
33814,10309
22594,10309
151624,10309
83104,10309
91144,10309
10821,10821
33381,10821
132756,10821
34326,10821
23106,10821
152136,10821
83616,10821
91656,10821
23110,23110
34390,23110
83620,23110
34405,23110
27205,23110
91720,23110
149140,23110
153160,23110
22626,22626
42006,22626
83106,22626
163941,22626
141381,22626
91146,22626
140436,22626
151656,22626
22882,22882
42262,22882
83362,22882
164197,22882
141637,22882
91402,22882
140692,22882
151912,22882
22630,22630
42070,22630
83110,22630
164965,22630
157765,22630
91210,22630
156820,22630
152680,22630
23142,23142
42582,23142
83622,23142
165477,23142
158277,23142
91722,23142
157332,23142
153192,23142
91242,91242
91302,91242
152682,91242
153702,91242
173142,91242
156822,91242
173157,91242
157797,91242
6466,6466
33046,6466
66976,6466
33061,6466
10561,6466
90376,6466
132496,6466
151816,6466
6498,6498
41238,6498
66978,6498
164133,6498
141633,6498
90378,6498
140688,6498
151848,6498
6502,6502
41302,6502
66982,6502
165157,6502
158017,6502
90442,6502
157072,6502
152872,6502
6214,6214
32854,6214
66724,6214
33829,6214
26689,6214
90184,6214
148624,6214
152584,6214
6726,6726
33366,6726
67236,6726
34341,6726
27201,6726
90696,6726
149136,6726
153096,6726
26721,26721
42021,26721
148626,26721
163926,26721
137286,26721
152586,26721
74916,26721
90216,26721
6246,6246
41046,6246
66726,6246
164901,6246
157761,6246
90186,6246
156816,6246
152616,6246
4194,4194
8214,4194
66594,4194
131109,4194
139329,4194
90114,4194
140304,4194
151584,4194
9238,9238
20578,9238
131173,9238
82978,9238
91138,9238
139333,9238
151648,9238
140308,9238
9750,9750
21090,9750
131685,9750
83490,9750
91650,9750
139845,9750
152160,9750
140820,9750
9814,9814
21094,9814
132709,9814
83494,9814
91714,9814
156229,9814
153184,9814
157204,9814
91686,91686
91746,91686
152166,91686
153186,91686
157206,91686
140886,91686
156261,91686
140901,91686
4450,4450
8470,4450
66850,4450
131365,4450
139585,4450
90370,4450
140560,4450
151840,4450
4198,4198
8278,4198
66598,4198
132133,4198
155713,4198
90178,4198
156688,4198
152608,4198
4710,4710
8790,4710
67110,4710
132645,4710
156225,4710
90690,4710
157200,4710
153120,4710
70246,70246
74326,70246
71206,70246
136741,70246
156241,70246
90706,70246
157201,70246
153121,70246
5734,5734
25174,5734
67174,5734
149029,5734
157249,5734
90694,5734
157264,5734
153124,5734
75366,75366
90726,75366
136806,75366
153126,75366
157266,75366
156246,75366
157281,75366
157221,75366
74790,74790
90210,74790
135270,74790
152610,74790
156690,74790
139350,74790
155745,74790
140325,74790
91174,91174
91234,91174
151654,91174
152674,91174
156694,91174
140374,91174
155749,91174
140389,91174
74854,74854
90214,74854
136294,74854
152614,74854
156754,74854
155734,74854
156769,74854
156709,74854
69730,69730
73750,69730
70690,69730
135205,69730
139345,69730
90130,69730
140305,69730
151585,69730
5218,5218
24598,5218
66658,5218
147493,5218
140353,5218
90118,5218
140368,5218
151588,5218
5730,5730
25110,5730
67170,5730
148005,5730
140865,5730
90630,5730
140880,5730
152100,5730
22114,22114
26134,22114
83554,22114
148069,22114
140869,22114
91654,22114
140884,22114
152164,22114
22122,22122
26262,22122
83562,22122
150117,22122
173637,22122
91782,22122
173652,22122
154212,22122
71266,71266
90646,71266
152101,71266
140881,71266
71274,71274
90774,71274
154149,71274
173649,71274
97,97
8197,97
1042,97
131092,97
135232,97
20482,97
74752,97
81952,97
609,609
8709,609
1554,609
131604,609
135744,609
20994,609
75264,609
82464,609
1618,1618
20998,1618
1633,1618
82468,1618
75328,1618
25093,1618
136768,1618
147988,1618
4705,4705
8725,4705
67090,4705
131605,4705
135745,4705
86530,4705
75280,4705
86560,4705
1170,1170
20490,1170
2145,1170
81960,1170
74880,1170
40965,1170
137280,1170
163860,1170
1426,1426
20746,1426
2401,1426
82216,1426
75136,1426
41221,1426
137536,1426
164116,1426
22794,22794
34194,22794
82344,22794
35169,22794
43269,22794
75144,22794
164244,22794
137544,22794
9618,9618
20778,9618
133473,9618
82218,9618
75138,9618
172293,9618
137568,9618
172308,9618
6241,6241
40981,6241
66706,6241
163861,6241
137281,6241
86026,6241
74896,6241
86056,6241
10245,10245
32865,10245
131220,10245
33810,10245
22530,10245
135240,10245
82080,10245
74760,10245
10501,10501
33121,10501
131476,10501
34066,10501
22786,10501
135496,10501
82336,10501
75016,10501
22818,22818
42258,22818
82338,22818
164193,22818
141573,22818
75018,22818
139668,22818
135528,22818
22822,22822
42322,22822
82342,22822
165217,22822
157957,22822
75082,22822
156052,22822
136552,22822
22534,22534
33874,22534
82084,22534
33889,22534
26629,22534
74824,22534
147604,22534
136264,22534
23046,23046
34386,23046
82596,23046
34401,23046
27141,23046
75336,23046
148116,23046
136776,23046
22566,22566
42066,22566
82086,22566
164961,22566
157701,22566
74826,22566
155796,22566
136296,22566
9234,9234
20514,9234
131169,9234
81954,9234
74754,9234
139269,9234
135264,9234
139284,9234
9490,9490
20770,9490
131425,9490
82210,9490
75010,9490
139525,9490
135520,9490
139540,9490
9298,9298
20518,9298
132193,9298
81958,9298
74818,9298
155653,9298
136288,9298
155668,9298
9810,9810
21030,9810
132705,9810
82470,9810
75330,9810
156165,9810
136800,9810
156180,9810
75346,75346
86566,75346
136801,75346
156181,75346
74850,74850
90150,74850
136290,74850
151590,74850
140370,74850
155670,74850
140385,74850
155685,74850
74770,74770
86050,74770
135265,74770
139285,74770
274,274
4354,274
289,274
65824,274
73984,274
8449,274
135424,274
131344,274
402,402
4362,402
2337,402
65832,402
74112,402
41217,402
137472,402
164112,402
6433,6433
41233,6433
65938,6433
164113,6433
137473,6433
69898,6433
74128,6433
69928,6433
69930,69930
74130,69930
137505,69930
172305,69930
5386,5386
16786,5386
65896,5386
18721,5386
42241,5386
74116,5386
164176,5386
137476,5386
26913,26913
42273,26913
147858,26913
164178,26913
137478,26913
136458,26913
74148,26913
74088,26913
5418,5418
24978,5418
65898,5418
149793,5418
173313,5418
74118,5418
172368,5418
137508,5418
8481,8481
131346,8481
135426,8481
74016,8481
9505,9505
24865,9505
131410,9505
147730,9505
136450,9505
135430,9505
74080,9505
74020,9505
74022,74022
74082,74022
135462,74022
136482,74022
155922,74022
139602,74022
155937,74022
140577,74022
74017,74017
135442,74017
6402,6402
33042,6402
65952,6402
33057,6402
10497,6402
73992,6402
131472,6402
135432,6402
6406,6406
33106,6406
65956,6406
34081,6406
26881,6406
74056,6406
147856,6406
136456,6406
6438,6438
41298,6438
65958,6438
165153,6438
157953,6438
74058,6438
156048,6438
136488,6438
4386,4386
8466,4386
65826,4386
131361,4386
139521,4386
73986,4386
139536,4386
135456,4386
4390,4390
8530,4390
65830,4390
132385,4390
155905,4390
74050,4390
155920,4390
136480,4390
69922,69922
74002,69922
135457,69922
139537,69922
5410,5410
24850,5410
65890,5410
147745,5410
140545,5410
73990,5410
139600,5410
135460,5410
82,82
4102,82
1057,82
65572,82
73792,82
24577,82
136192,82
147472,82
594,594
4614,594
1569,594
66084,594
74304,594
25089,594
136704,594
147984,594
5665,5665
25105,5665
66130,5665
147985,5665
136705,5665
70150,5665
74320,5665
70180,5665
70182,70182
74322,70182
136737,70182
156177,70182
5638,5638
16978,5638
66148,5638
17953,5638
26113,5638
74308,5638
148048,5638
136708,5638
26145,26145
148050,26145
136710,26145
74340,26145
9249,9249
24609,9249
131154,9249
147474,9249
136194,9249
135174,9249
73824,9249
73764,9249
25633,25633
147538,25633
136198,25633
73828,25633
6150,6150
32850,6150
65700,6150
33825,6150
26625,6150
73800,6150
147600,6150
136200,6150
92325,92325
107625,92325
153750,92325
169050,92325
92581,92581
107881,92581
154006,92581
169306,92581
4134,4134
8274,4134
65574,4134
132129,4134
155649,4134
73794,4134
155664,4134
136224,4134
69670,69670
73810,69670
136225,69670
155665,69670
5158,5158
24658,5158
65638,5158
148513,5158
156673,5158
73798,5158
155728,5158
136228,5158
5670,5670
25170,5670
66150,5670
149025,5670
157185,5670
74310,5670
156240,5670
136740,5670
22054,22054
26194,22054
82534,22054
149089,22054
157189,22054
75334,22054
156244,22054
136804,22054
73830,73830
136230,73830
155730,73830
156705,73830
74086,74086
136486,74086
155986,74086
156961,74086
4129,4129
8209,4129
65554,4129
131089,4129
135169,4129
69634,4129
73744,4129
69664,4129
4641,4641
8721,4641
66066,4641
131601,4641
135681,4641
70146,4641
74256,4641
70176,4641
6177,6177
40977,6177
65682,6177
163857,6177
137217,6177
69642,6177
73872,6177
69672,6177
69666,69666
73746,69666
135201,69666
139281,69666
5122,5122
16402,5122
65632,5122
16417,5122
9217,5122
73732,5122
131152,5122
135172,5122
5634,5634
16914,5634
66144,5634
16929,5634
9729,5634
74244,5634
131664,5634
135684,5634
9733,9733
16993,9733
131668,9733
17938,9733
22018,9733
135748,9733
82528,9733
75268,9733
18066,18066
22026,18066
19041,18066
82536,18066
75396,18066
42501,18066
137796,18066
164436,18066
23137,23137
42517,23137
83602,23137
164437,23137
137797,23137
87562,23137
75412,23137
86632,23137
9745,9745
21025,9745
131665,9745
82450,9745
71170,9745
135685,9745
70240,9745
74260,9745
23073,23073
42513,23073
82578,23073
164433,23073
137733,23073
71178,23073
74388,23073
70248,23073
5650,5650
21010,5650
66145,5650
82465,5650
75265,5650
74245,5650
135760,5650
135700,5650
5130,5130
16530,5130
65640,5130
18465,5130
41985,5130
73860,5130
163920,5130
137220,5130
17554,17554
21514,17554
18529,17554
82024,17554
74884,17554
41989,17554
137284,17554
163924,17554
21546,21546
25746,21546
82026,21546
149601,21546
173061,21546
74886,21546
172116,21546
137316,21546
22561,22561
42001,22561
82066,22561
163921,22561
137221,22561
70666,22561
73876,22561
69736,22561
5154,5154
24594,5154
65634,5154
147489,5154
140289,5154
73734,5154
139344,5154
135204,5154
21538,21538
25618,21538
82018,21538
147553,21538
140293,21538
74758,21538
139348,21538
135268,21538
22050,22050
26130,22050
82530,22050
148065,22050
140805,22050
75270,22050
139860,22050
135780,22050
4114,4114
65569,4114
73729,4114
135184,4114
4626,4626
66081,4626
74241,4626
135696,4626
70162,70162
70177,70162
74257,70162
135697,70162
73761,73761
135186,73761
70810,70810
86170,70810
71785,70810
88105,70810
107665,70810
106645,70810
170065,70810
170005,70810
104601,104601
104857,104857
69658,69658
69778,69658
69673,69658
71713,69658
106513,69658
73873,69658
167953,69658
137233,69658
69786,69786
71721,69786
106641,69786
170001,69786
38929,38929
98449,38929
71689,38929
69784,38929
513,513
528,513
4608,513
66048,513
517,517
577,517
532,517
1552,517
20992,517
4672,517
82432,517
67072,517
660,660
4680,660
2565,660
67080,660
82560,660
33345,660
23040,660
34320,660
1680,1680
21000,1680
2625,1680
82440,1680
67200,1680
33285,1680
6720,1680
33300,1680
6721,6721
33301,6721
67216,6721
86536,6721
4704,4704
8724,4704
67074,4704
131589,4704
131649,4704
82434,4704
9744,4704
21024,4704
529,529
4609,529
66064,529
70144,529
6657,6657
33297,6657
66192,6657
70152,6657
1684,1684
21064,1684
2629,1684
83464,1684
83584,1684
33349,1684
23104,1684
34324,1684
23112,23112
34452,23112
83592,23112
35397,23112
9876,9876
21096,9876
133701,9876
83466,9876
83586,9876
164421,9876
23136,9876
42516,9876
6661,6661
33361,6661
66196,6661
34321,6661
23041,6661
70216,6661
82576,6661
71176,6661
5704,5704
17044,5704
67144,5704
18949,5704
34369,5704
82564,5704
34384,5704
23044,5704
9748,9748
21088,9748
131653,9748
83458,9748
5728,5728
25108,5728
67138,5728
147973,5728
132673,5728
82438,5728
9808,5728
21028,5728
5736,5736
25236,5736
67146,5736
150021,5736
165441,5736
82566,5736
42576,5736
23076,5736
22120,22120
26260,22120
83530,22120
150085,22120
165445,22120
83590,22120
42580,22120
23140,22120
592,592
4612,592
1537,592
66052,592
66112,592
16897,592
5632,592
16912,592
5640,5640
17040,5640
66120,5640
18945,5640
34305,5640
66180,5640
33360,5640
6660,5640
6724,6724
33364,6724
67204,6724
34309,6724
19009,6724
82504,6724
18064,6724
22024,6724
6756,6756
41556,6756
67206,6756
165381,6756
150081,6756
82506,6756
26256,6756
22056,6756
4644,4644
8784,4644
66054,4644
132609,4644
147969,4644
66114,4644
25104,4644
5664,4644
4708,4708
8788,4708
67078,4708
132613,4708
148033,4708
82498,4708
26128,4708
22048,4708
5668,5668
25168,5668
66118,5668
148993,5668
4624,4624
66049,4624
144,144
4104,144
2049,144
65544,144
65664,144
32769,144
6144,144
32784,144
148,148
4168,148
2053,148
66568,148
82048,148
32833,148
22528,148
33808,148
6216,6216
32916,6216
66696,6216
34821,6216
34881,6216
82056,6216
33936,6216
22536,6216
4200,4200
8340,4200
66570,4200
133125,4200
163905,4200
82050,4200
42000,4200
22560,4200
1168,1168
20488,1168
2113,1168
81928,1168
66688,1168
32773,1168
6208,1168
32788,1168
22600,22600
33940,22600
83080,22600
34885,22600
22632,22632
42132,22632
83082,22632
165957,22632
6472,6472
33172,6472
66952,6472
35077,6472
35137,6472
82312,6472
34192,6472
22792,6472
6504,6504
41364,6504
66954,6504
166149,6504
166209,6504
82314,6504
42384,6504
22824,6504
22888,22888
42388,22888
83338,22888
166213,22888
6240,6240
40980,6240
66690,6240
163845,6240
133185,6240
81930,6240
9360,6240
20520,6240
9364,9364
20584,9364
133189,9364
82954,9364
83074,9364
163909,9364
22624,9364
42004,9364
6496,6496
41236,6496
66946,6496
164101,6496
133441,6496
82186,6496
9616,6496
20776,6496
400,400
4360,400
2305,400
65800,400
65920,400
33025,400
6400,400
33040,400
6408,6408
33168,6408
65928,6408
35073,6408
70042,70042
71977,70042
106897,70042
170257,70042
4392,4392
8592,4392
65802,4392
133377,4392
164097,4392
65922,4392
41232,4392
6432,4392
4456,4456
8596,4456
66826,4456
133381,4456
164161,4456
82306,4456
42256,4456
22816,4456
5416,5416
24976,5416
65866,5416
149761,5416
165121,5416
65926,5416
41296,5416
6436,5416
6145,6145
32785,6145
65680,6145
69640,6145
5128,5128
16528,5128
65608,5128
18433,5128
33793,5128
65668,5128
32848,5128
6148,5128
5160,5160
24720,5160
65610,5160
149505,5160
164865,5160
65670,5160
41040,5160
6180,5160
5224,5224
24724,5224
66634,5224
149509,5224
164929,5224
82054,5224
42064,5224
22564,5224
6244,6244
41044,6244
66694,6244
164869,6244
149569,6244
81994,6244
25744,6244
21544,6244
91170,91170
151650,91170
140310,91170
139365,91170
4128,4128
8208,4128
65538,4128
131073,4128
4192,4192
8212,4192
66562,4192
131077,4192
131137,4192
81922,4192
9232,4192
20512,4192
4384,4384
8464,4384
65794,4384
131329,4384
4132,4132
8272,4132
65542,4132
132097,4132
147457,4132
65602,4132
24592,4132
5152,4132
4,4
64,4
1024,4
16384,4
6,6
66,6
36,6
1056,6
24576,6
8256,6
147456,6
132096,6
70,70
1060,70
24640,70
148480,70
102,102
8262,102
1062,102
132132,102
155712,102
24642,102
156672,102
148512,102
358,358
8518,358
1318,358
132388,358
155968,358
24898,358
156928,358
148768,358
1446,1446
24906,1446
2406,1446
148776,1446
157056,1446
41286,1446
158016,1446
165156,1446
17830,17830
25930,17830
18790,17830
148840,17830
157060,17830
42310,17830
158020,17830
165220,17830
8550,8550
132390,8550
155970,8550
156960,8550
9574,9574
24934,9574
132454,9574
148774,9574
156994,9574
155974,9574
157024,9574
156964,9574
10566,10566
33126,10566
132516,10566
34086,10566
26946,10566
155976,10566
148896,10566
156936,10566
26950,26950
34150,26950
148900,26950
157000,26950
9510,9510
24930,9510
131430,9510
148770,9510
156930,9510
139590,9510
156000,9510
140580,9510
1126,1126
24646,1126
148516,1126
156736,1126
1638,1638
25158,1638
149028,1638
157248,1638
18022,18022
26182,18022
149092,18022
157252,18022
26214,26214
149094,26214
157254,26214
157284,26214
9318,9318
24678,9318
132198,9318
148518,9318
156738,9318
155718,9318
156768,9318
156708,9318
26694,26694
33894,26694
148644,26694
156744,26694
9286,9286
16486,9286
132196,9286
17446,9286
25666,9286
155716,9286
148576,9286
156676,9286
9798,9798
16998,9798
132708,9798
17958,9798
26178,9798
156228,9798
149088,9798
157188,9798
17574,17574
25674,17574
18534,17574
148584,17574
156804,17574
42054,17574
157764,17574
164964,17574
25638,25638
25698,25638
147558,25638
148578,25638
156678,25638
140358,25638
155748,25638
140388,25638
25894,25894
25954,25894
147814,25894
148834,25894
156934,25894
140614,25894
156004,25894
140644,25894
582,582
1572,582
25152,582
148992,582
1606,1606
16966,1606
1636,1606
17956,1606
26176,1606
25156,1606
149056,1606
148996,1606
18084,18084
26184,18084
19014,18084
149064,18084
149124,18084
34374,18084
27204,18084
34404,18084
9828,9828
25188,9828
132678,9828
148998,9828
149058,9828
148038,9828
26208,9828
26148,9828
1188,1188
24648,1188
2118,1188
148488,1188
148608,1188
32838,1188
26688,1188
33828,1188
1444,1444
24904,1444
2374,1444
148744,1444
148864,1444
33094,1444
26944,1444
34084,1444
26952,26952
34212,26952
148872,26952
35142,26952
9636,9636
24936,9636
133446,9636
148746,9636
148866,9636
164166,9636
26976,9636
42276,9636
25960,25960
26020,25960
148810,25960
149830,25960
165190,25960
148870,25960
42340,25960
26980,25960
17572,17572
25672,17572
18502,17572
148552,17572
148612,17572
33862,17572
26692,17572
33892,17572
25704,25704
25764,25704
148554,25704
149574,25704
164934,25704
148614,25704
42084,25704
26724,25704
9252,9252
24672,9252
131142,9252
148482,9252
9508,9508
24928,9508
131398,9508
148738,9508
9316,9316
24676,9316
132166,9316
148486,9316
148546,9316
147526,9316
25696,9316
25636,9316
262,262
322,262
292,262
1312,262
24832,262
8512,262
147712,262
132352,262
294,294
8514,294
132384,294
155904,294
9538,9538
16678,9538
132448,9538
155908,9538
330,330
390,330
1320,330
2340,330
41280,330
24960,330
165120,330
149760,330
1414,1414
16714,1414
2404,1414
17704,1414
25984,1414
41284,1414
149824,1414
165124,1414
9606,9606
16746,9606
133476,9606
17706,9606
25986,9606
172356,9606
149856,9606
173316,9606
1354,1354
16774,1354
1384,1354
18724,1354
42304,1354
24964,1354
165184,1354
149764,1354
420,420
8520,420
2310,420
132360,420
147840,420
33090,420
26880,420
34080,420
9544,9544
16804,9544
132424,9544
18694,9544
34114,9544
147844,9544
34144,9544
26884,9544
354,354
8454,354
1314,354
131364,354
139584,354
24834,354
140544,354
147744,354
9478,9478
16738,9478
131428,9478
17698,9478
25858,9478
139588,9478
147808,9478
140548,9478
1378,1378
24838,1378
147748,1378
140608,1378
1440,1440
24840,1440
2370,1440
147720,1440
132480,1440
33030,1440
10560,1440
33060,1440
10564,10564
33124,10564
132484,10564
34054,10564
18754,10564
147784,10564
17824,10564
25864,10564
17832,17832
25992,17832
18762,17832
149832,17832
165252,17832
34182,17832
43332,17832
35172,17832
17826,17826
25866,17826
18786,17826
147816,17826
140676,17826
42246,17826
141636,17826
164196,17826
10596,10596
41316,10596
132486,10596
165126,10596
149826,10596
147786,10596
26016,10596
25896,10596
8484,8484
8544,8484
131334,8484
132354,8484
147714,8484
131394,8484
24864,8484
9504,8484
8548,8548
132358,8548
147778,8548
25888,8548
25890,25890
147810,25890
140550,25890
139620,25890
9568,9568
24868,9568
132418,9568
147718,9568
100,100
8260,100
1030,100
132100,100
147520,100
16450,100
25600,100
17440,100
25702,25702
148582,25702
156742,25702
156772,25702
1158,1158
16458,1158
2148,1158
17448,1158
25728,1158
41028,1158
149568,1158
164868,1158
17482,17482
17542,17482
17512,17482
18532,17482
42052,17482
25732,17482
164932,17482
149572,17482
17994,17994
18054,17994
18024,17994
19044,17994
42564,17994
26244,17994
165444,17994
150084,17994
17514,17514
25734,17514
149604,17514
173124,17514
612,612
8772,612
1542,612
132612,612
148032,612
16962,612
26112,612
17952,612
9796,9796
16996,9796
132676,9796
17926,9796
17986,9796
148036,9796
18016,9796
26116,9796
18018,18018
26118,18018
148068,18018
140868,18018
9222,9222
16482,9222
131172,9222
17442,9222
25602,9222
139332,9222
147552,9222
140292,9222
17506,17506
25606,17506
147556,17506
140356,17506
10308,10308
32868,10308
132228,10308
33798,10308
18498,10308
147528,10308
17568,10308
25608,10308
8292,8292
132102,8292
147522,8292
25632,8292
70054,70054
74074,70054
71974,70054
136489,70054
156049,70054
106834,70054
157969,70054
169249,70054
72102,72102
106842,72102
169257,72102
158097,72102
88486,88486
107866,88486
169321,88486
158101,88486
27025,27025
38185,27025
149905,27025
98650,27025
72070,27025
169225,27025
72100,27025
106840,27025
1090,1090
16390,1090
1120,1090
16420,1090
9280,1090
24580,1090
132160,1090
147460,1090
9282,9282
16422,9282
132192,9282
155652,9282
1098,1098
16518,1098
1128,1098
18468,1098
42048,1098
24708,1098
164928,1098
149508,1098
1602,1602
16902,1602
1632,1602
16932,1602
9792,1602
25092,1602
132672,1602
147972,1602
9288,9288
16548,9288
132168,9288
18438,9288
33858,9288
147588,9288
33888,9288
26628,9288
1122,1122
24582,1122
147492,1122
140352,1122
9312,9312
24612,9312
132162,9312
147462,9312
156774,156774
157030,157030
72,72
132,72
1032,72
2052,72
32832,72
16512,72
33792,72
18432,72
328,328
388,328
1288,328
2308,328
33088,328
16768,328
34048,328
18688,328
2436,2436
33096,2436
34056,2436
18816,2436
18820,18820
34120,18820
360,360
8580,360
1290,360
133380,360
164160,360
16770,360
42240,360
18720,360
9604,9604
16744,9604
133444,9604
17674,9604
17794,9604
164164,9604
18784,9604
42244,9604
1416,1416
16776,1416
2376,1416
18696,1416
34176,1416
33156,1416
35136,1416
35076,1416
17800,17800
18760,17800
34180,17800
35140,17800
17802,17802
18792,17802
42372,17802
166212,17802
9480,9480
16800,9480
131400,9480
18690,9480
34050,9480
131460,9480
33120,9480
10500,9480
1156,1156
16456,1156
2116,1156
17416,1156
17536,1156
32836,1156
18496,1156
33796,1156
1668,1668
16968,1668
2628,1668
17928,1668
18048,1668
33348,1668
19008,1668
34308,1668
17992,17992
18052,17992
19012,17992
34372,17992
9348,9348
16488,9348
133188,9348
17418,9348
17538,9348
163908,9348
18528,9348
41988,9348
17544,17544
18504,17544
33924,17544
34884,17544
1096,1096
16516,1096
18436,1096
33856,1096
1608,1608
17028,1608
18948,1608
34368,1608
18564,18564
33864,18564
516,516
576,516
1536,516
16896,516
580,580
1540,580
16960,580
17920,580
9732,9732
16992,9732
131652,9732
17922,9732
1600,1600
16900,1600
96,96
8196,96
1026,96
131076,96
131136,96
16386,96
9216,96
16416,96
352,352
8452,352
1282,352
131332,352
131392,352
16642,352
9472,352
16672,352
1410,1410
16650,1410
2400,1410
16680,1410
9600,1410
41220,1410
133440,1410
164100,1410
9474,9474
16674,9474
131424,9474
139524,9474
9220,9220
16480,9220
131140,9220
17410,9220
1152,1152
16392,1152
2112,1152
32772,1152
1408,1408
16648,1408
2368,1408
33028,1408
256,256
258,258
288,258
8448,258
131328,258
264,264
384,264
2304,264
33024,264
